<?xml version="1.0" encoding="UTF-8"?>
<con:soapui-project id="54b244f3-ee91-48dc-a053-1415ba2a8b11" activeEnvironment="Default" name="REST Project 2" resourceRoot="${projectDir}" soapui-version="5.7.0" abortOnError="false" runType="SEQUENTIAL" xmlns:con="http://eviware.com/soapui/config"><con:settings/><con:interface xsi:type="con:RestService" id="fde2f9e2-6a7f-4fe5-ae1a-c072f4dd85c9" wadlVersion="http://wadl.dev.java.net/2009/02" name="http://rest-api.upskills.in" type="rest" xmlns:xsi="http://www.w3.org/2001/XMLSchema-instance"><con:settings/><con:definitionCache type="TEXT" rootPart=""/><con:endpoints><con:endpoint>http://rest-api.upskills.in</con:endpoint></con:endpoints><con:resource name="Admin" path="/doc/admin/" id="ea43621c-bcb8-44a8-a9f2-bb1fe3f61b2b"><con:settings/><con:parameters/><con:method name="Admin 1" id="4e42df9f-b7c5-4c58-9399-7b812b5beab9" method="GET"><con:settings/><con:parameters/><con:representation type="FAULT"><con:mediaType>application/json; charset=utf-8</con:mediaType><con:status>401 400 403</con:status><con:params/><con:element xmlns:adm="http://rest-api.upskills.in/api/rest_admin/login/doc/admin/">adm:Fault</con:element></con:representation><con:representation type="FAULT"><con:mediaType>text/html; charset=utf-8</con:mediaType><con:status>404</con:status><con:params/><con:element>html</con:element></con:representation><con:representation type="REQUEST"><con:mediaType>application/json</con:mediaType><con:params/></con:representation><con:representation type="RESPONSE"><con:mediaType>application/json; charset=utf-8</con:mediaType><con:status>200</con:status><con:params/><con:element xmlns:adm="http://rest-api.upskills.in/api/rest_admin/login/doc/admin/">adm:Response</con:element></con:representation><con:request name="GetBearerAccessToken" id="2369caaf-7215-4bf3-a456-0a4ee2dbf764" mediaType="application/json" postQueryString="false"><con:settings><con:setting id="com.eviware.soapui.impl.wsdl.WsdlRequest@request-headers">&lt;xml-fragment xmlns:con="http://eviware.com/soapui/config">&#13;
  &lt;con:entry key="Authorization" value="Basic ZGVtb19vYXV0aF9jbGllbnQ6ZGVtb19vYXV0aF9zZWNyZXQ="/>&#13;
  &lt;con:entry key="grant_type" value="client_credentials"/>&#13;
&lt;/xml-fragment></con:setting></con:settings><con:endpoint>http://rest-api.upskills.in/api/rest_admin/oauth2/token/client_credentials</con:endpoint><con:request/><con:originalUri>http://rest-api.upskills.in/api/rest_admin/login/doc/admin/</con:originalUri><con:credentials><con:authType>No Authorization</con:authType></con:credentials><con:jmsConfig JMSDeliveryMode="PERSISTENT"/><con:jmsPropertyConfig/><con:parameters/><con:parameterOrder/></con:request><con:request name="AdminLogin" id="6fcf4b64-efa9-4c63-b109-333a6767459a" mediaType="application/json" postQueryString="false"><con:settings><con:setting id="com.eviware.soapui.impl.wsdl.WsdlRequest@request-headers">&lt;xml-fragment xmlns:con="http://eviware.com/soapui/config">&#13;
  &lt;con:entry key="Authorization" value="Bearer 18caf5a72a7c0f275a270fb07c8dadccb3bb2c8c"/>&#13;
  &lt;con:entry key="accept" value="application/json"/>&#13;
  &lt;con:entry key="Content-Type" value="application/json"/>&#13;
&lt;/xml-fragment></con:setting></con:settings><con:endpoint>http://rest-api.upskills.in/api/rest/oauth2/token/client_credentials</con:endpoint><con:request/><con:originalUri>http://rest-api.upskills.in/api/rest_admin/login/doc/admin/</con:originalUri><con:credentials><con:username>upskills_admin</con:username><con:password>Talent4$$</con:password><con:selectedAuthProfile>No Authorization</con:selectedAuthProfile><con:authType>No Authorization</con:authType></con:credentials><con:jmsConfig JMSDeliveryMode="PERSISTENT"/><con:jmsPropertyConfig/><con:parameters/><con:parameterOrder/></con:request><con:request name="ShoppingCartBearerAccessToken" id="2369caaf-7215-4bf3-a456-0a4ee2dbf764" mediaType="application/json" postQueryString="false"><con:settings><con:setting id="com.eviware.soapui.impl.wsdl.WsdlRequest@request-headers">&lt;xml-fragment xmlns:con="http://eviware.com/soapui/config">&#13;
  &lt;con:entry key="Authorization" value="Basic c2hvcHBpbmdfb2F1dGhfY2xpZW50OnNob3BwaW5nX29hdXRoX3NlY3JldA=="/>&#13;
  &lt;con:entry key="grant_type" value="client_credentials"/>&#13;
  &lt;con:entry key="accept" value="application/json"/>&#13;
&lt;/xml-fragment></con:setting></con:settings><con:endpoint>http://rest-api.upskills.in/api/rest/oauth2/token/client_credentials</con:endpoint><con:request/><con:originalUri>http://rest-api.upskills.in/api/rest_admin/login/doc/admin/</con:originalUri><con:credentials><con:authType>No Authorization</con:authType></con:credentials><con:jmsConfig JMSDeliveryMode="PERSISTENT"/><con:jmsPropertyConfig/><con:parameters/><con:parameterOrder/></con:request><con:request name="GetCart" id="bfc44367-94c4-4b83-ad49-33f0c22d5df1" mediaType="application/json" postQueryString="false"><con:settings><con:setting id="com.eviware.soapui.impl.wsdl.WsdlRequest@request-headers">&lt;xml-fragment xmlns:con="http://eviware.com/soapui/config">&#13;
  &lt;con:entry key="Authorization" value="Bearer 6cbe464d392dbb864dc588ee63a69c04d7187be6"/>&#13;
  &lt;con:entry key="accept" value="application/json"/>&#13;
&lt;/xml-fragment></con:setting></con:settings><con:endpoint>http://rest-api.upskills.in/api/rest/cart</con:endpoint><con:request/><con:originalUri>http://rest-api.upskills.in/api/rest/cart/doc/admin/</con:originalUri><con:credentials><con:authType>No Authorization</con:authType></con:credentials><con:jmsConfig JMSDeliveryMode="PERSISTENT"/><con:jmsPropertyConfig/><con:parameters/></con:request></con:method></con:resource></con:interface><con:testSuite id="170a5f84-6c90-4d96-9079-7b8ead08419e" name="http://rest-api.upskills.in TestSuite"><con:description>TestSuite generated for REST Service [http://rest-api.upskills.in]</con:description><con:settings/><con:runType>SEQUENTIAL</con:runType><con:testCase id="6960a509-2cf5-4155-91b9-40bb849a0fb1" failOnError="true" failTestCaseOnErrors="true" keepSession="false" maxResults="0" name="Admin TestCase" searchProperties="true"><con:description>TestCase generated for REST Resource [Admin] located at [/doc/admin/]</con:description><con:settings/><con:testStep type="restrequest" name="GetToken" id="0e5336fe-230e-417b-a790-b805db0003bd"><con:settings/><con:config service="http://rest-api.upskills.in" resourcePath="/doc/admin/" methodName="Admin 1" xsi:type="con:RestRequestStep" xmlns:xsi="http://www.w3.org/2001/XMLSchema-instance"><con:restRequest name="GetToken" id="2369caaf-7215-4bf3-a456-0a4ee2dbf764" mediaType="application/json" postQueryString="false"><con:settings><con:setting id="com.eviware.soapui.impl.wsdl.WsdlRequest@request-headers">&lt;xml-fragment xmlns:con="http://eviware.com/soapui/config">&#13;
  &lt;con:entry key="Authorization" value="Basic ZGVtb19vYXV0aF9jbGllbnQ6ZGVtb19vYXV0aF9zZWNyZXQ="/>&#13;
  &lt;con:entry key="grant_type" value="client_credentials"/>&#13;
&lt;/xml-fragment></con:setting></con:settings><con:endpoint>http://rest-api.upskills.in/api/rest_admin/oauth2/token/client_credentials</con:endpoint><con:request/><con:originalUri>http://rest-api.upskills.in/api/rest_admin/login/doc/admin/</con:originalUri><con:assertion type="GroovyScriptAssertion" id="35ca2b95-8789-4d54-a232-2898a2e56690" name="Script Assertion"><con:configuration><scriptText>200</scriptText></con:configuration></con:assertion><con:credentials><con:authType>No Authorization</con:authType></con:credentials><con:jmsConfig JMSDeliveryMode="PERSISTENT"/><con:jmsPropertyConfig/><con:parameters/><con:parameterOrder/></con:restRequest></con:config></con:testStep><con:testStep type="restrequest" name="AdminLogin" id="0b0e6eb9-25fc-408e-94fb-1b040de448ed"><con:settings/><con:config service="http://rest-api.upskills.in" methodName="Admin 1" resourcePath="/doc/admin/" xsi:type="con:RestRequestStep" xmlns:xsi="http://www.w3.org/2001/XMLSchema-instance"><con:restRequest name="AdminLogin" id="a570cdc5-5797-490a-8aba-217770ae5e86" mediaType="application/json" postQueryString="false"><con:settings><con:setting id="com.eviware.soapui.impl.wsdl.WsdlRequest@request-headers">&lt;xml-fragment xmlns:con="http://eviware.com/soapui/config">&#13;
  &lt;con:entry key="Authorization" value="Bearer "/>&#13;
  &lt;con:entry key="accept" value="application/json"/>&#13;
  &lt;con:entry key="Content-Type" value="application/json"/>&#13;
&lt;/xml-fragment></con:setting></con:settings><con:encoding>UTF-8</con:encoding><con:endpoint>http://rest-api.upskills.in/api/rest_admin/login</con:endpoint><con:request/><con:originalUri>http://rest-api.upskills.in/api/rest_admin/login/doc/admin/</con:originalUri><con:credentials><con:username>admin</con:username><con:password>admin</con:password><con:selectedAuthProfile>Basic</con:selectedAuthProfile><con:addedBasicAuthenticationTypes>Basic</con:addedBasicAuthenticationTypes><con:authType>Global HTTP Settings</con:authType></con:credentials><con:jmsConfig JMSDeliveryMode="PERSISTENT"/><con:jmsPropertyConfig/><con:parameters/><con:parameterOrder/></con:restRequest></con:config></con:testStep><con:testStep type="restrequest" name="AddNewCustomer" id="12590681-5666-4d0c-b4b6-215e74c66a32"><con:settings/><con:config service="http://rest-api.upskills.in" methodName="Admin 1" resourcePath="/doc/admin/" xsi:type="con:RestRequestStep" xmlns:xsi="http://www.w3.org/2001/XMLSchema-instance"><con:restRequest name="AddNewCustomer" id="fef03f39-a85b-4004-8066-28c4736468df" mediaType="application/json" postQueryString="false"><con:settings><con:setting id="com.eviware.soapui.impl.wsdl.WsdlRequest@request-headers">&lt;xml-fragment xmlns:con="http://eviware.com/soapui/config">&#13;
  &lt;con:entry key="Authorization" value="Bearer 383cbf6ea07b4f90d43a9d8270f48f47345bc3c1"/>&#13;
  &lt;con:entry key="accept" value="application/json"/>&#13;
  &lt;con:entry key="Content-Type" value="application/json"/>&#13;
&lt;/xml-fragment></con:setting></con:settings><con:encoding>UTF-8</con:encoding><con:endpoint>http://rest-api.upskills.in/api/rest_admin/customers</con:endpoint><con:request>{
  "firstname": "Demo",
  "lastname": "User",
  "email": "nash1@vipmail..hu",
  "password": "password",
  "confirm": "password",
  "telephone": "1-541-754-3010",
  "fax": "1-541-754-3010",
  "newsletter": "1",
  "status": "1",
  "approved": "1",
  "safe": "1",
  "customer_group_id": "1",
  "custom_field": {
    "1": "1985-02-01",
    "2": "2"
  },
  "address": [
    {
      "firstname": "Demo",
      "lastname": "User",
      "company": "XYZ LTD.",
      "city": "Berlin",
      "address_1": "Demo street",
      "country_id": "81",
      "postcode": "1111",
      "zone_id": "1256",
      "address_2": "Long street 33",
      "address_id": "10",
      "default": "1",
      "custom_field": {
        "3": "https://rest-api.upskills.in"
      }
    }
  ],
  "affiliate": {
    "company": "company",
    "website": "http://demo.com",
    "tracking": "Tracking number",
    "commission": "3",
    "tax": "99998888",
    "cheque": "Demo",
    "paypal": "demo@demo.com",
    "bank_name": "Bank Name",
    "bank_branch_number": "ABA/BSB number (Branch Number)",
    "bank_swift_code": "SWIFT Code",
    "bank_account_name": "Account Name",
    "bank_account_number": "Account Number",
    "status": "1",
    "payment": "paypal",
    "custom_field": {
      "1": "custom field"
    }
  }
}</con:request><con:originalUri>http://rest-api.upskills.in/api/rest_admin/customers/doc/admin/</con:originalUri><con:credentials><con:selectedAuthProfile>No Authorization</con:selectedAuthProfile><con:authType>No Authorization</con:authType></con:credentials><con:jmsConfig JMSDeliveryMode="PERSISTENT"/><con:jmsPropertyConfig/><con:parameters/><con:parameterOrder/></con:restRequest></con:config></con:testStep><con:properties/></con:testCase><con:properties/></con:testSuite><con:properties/><con:wssContainer/><con:oAuth2ProfileContainer/><con:oAuth1ProfileContainer/></con:soapui-project>